[
  {
    "query": "Modern healthcare technology and digital medical interface for features section",
    "image_info": {
      "url": "https://cdn-lipbd.nitrocdn.com/NmtxoNywbwrhgCusRjwzXqAEjXRnHzOa/assets/images/optimized/rev-154972c/www.osplabs.com/wp-content/uploads/2022/10/Claims-Management-Dashboard-1-1024x507.jpg",
      "img_format": "JPEG",
      "mode": "RGB",
      "file_size": 59767,
      "width": 1024,
      "height": 507,
      "total_pixels": 519168,
      "basic_score": 0.8420046392864421,
      "file_name": "modern-healthcare-claim-management-dashboard.jpg"
    },
    "llm_score": {
      "success": true,
      "relevance_score": 98.0,
      "clarity_score": 90.0,
      "watermark_score": 100.0,
      "overall_score": 95.0,
      "explanation": "The image is highly relevant to the search query, depicting a clear and modern digital healthcare dashboard focused on claim management. The design is clean, professional, and well-composed. All elements are clearly visible, and there are no intrusive watermarks.",
      "file_name": "modern-healthcare-claim-management-dashboard.jpg",
      "caption": "A modern digital healthcare dashboard displaying comprehensive claim management features, including claims and policies overview, average cost per claim, average days to settle claims, claims by countries, gender, age, and provider, along with detailed claim information and a location-wise claim map. The interface features a clean design with charts, graphs, and numerical data for effective medical data visualization.",
      "recommend": true,
      "error": ""
    }
  },
  {
    "query": "Modern healthcare technology and digital medical interface for features section",
    "image_info": {
      "url": "https://multipurposethemes.com/wp-content/uploads/2025/08/Screen-Shot-2025-08-05-at-16.37.50-1017x1024.png",
      "img_format": "PNG",
      "mode": "RGBA",
      "file_size": 269058,
      "width": 1017,
      "height": 1024,
      "total_pixels": 1041408,
      "basic_score": 0.9315111989203321,
      "file_name": "modern_digital_healthcare_admin_dashboard_interface.jpg"
    },
    "llm_score": {
      "success": true,
      "relevance_score": 98.0,
      "clarity_score": 95.0,
      "watermark_score": 100.0,
      "overall_score": 95.0,
      "explanation": "The image perfectly matches the search query and prompt, showcasing a modern, clean digital healthcare dashboard. It effectively displays various medical statistics, reports, and administrative features with a professional and user-friendly interface. The clarity is excellent, and there are no watermarks.",
      "file_name": "modern_digital_healthcare_admin_dashboard_interface.jpg",
      "caption": "A clean and modern digital healthcare administration dashboard interface displaying key performance indicators such as total patients, total rooms, visitors, appointments, surgeries, and patient status. The dashboard also features sections for medical reports, a doctor list, patient success statistics, and consultation breakdowns, all presented with clear graphs, charts, and a blue and grey color scheme.",
      "recommend": true,
      "error": ""
    }
  },
  {
    "query": "Modern healthcare technology and digital medical interface for features section",
    "image_info": {
      "url": "https://cdn-lipbd.nitrocdn.com/NmtxoNywbwrhgCusRjwzXqAEjXRnHzOa/assets/images/optimized/rev-154972c/www.osplabs.com/wp-content/uploads/2022/10/Performance-Management-Dashboard-1-1024x576.jpg",
      "img_format": "JPEG",
      "mode": "RGB",
      "file_size": 62487,
      "width": 1024,
      "height": 576,
      "total_pixels": 589824,
      "basic_score": 0.8750585870731503,
      "file_name": "modern_digital_healthcare_dashboard_interface.jpg"
    },
    "llm_score": {
      "success": true,
      "relevance_score": 100.0,
      "clarity_score": 85.0,
      "watermark_score": 100.0,
      "overall_score": 90.0,
      "explanation": "The image is highly relevant to the search query and prompt, perfectly depicting a modern digital healthcare dashboard with a clean and professional interface. The composition is excellent, though some smaller text elements exhibit minor clarity issues. There are no watermarks.",
      "file_name": "modern_digital_healthcare_dashboard_interface.jpg",
      "caption": "A clean and modern digital healthcare dashboard displaying various medical metrics and data visualizations. The interface features key performance indicators such as total patients, new patients, doctor-per-patient ratio, number of beds, and operational costs. It includes charts like monthly performance bar graphs, a 12-month trend line graph, a patient satisfaction pie chart, and radial progress indicators for average result area scores. A sidebar navigation and a prominent 'Make An Appointment' button are visible, along with a user profile for 'Dr. Maria Luise,' making it an ideal representation of a digital medical interface.",
      "recommend": true,
      "error": ""
    }
  },
  {
    "query": "Healthcare analytics and medical statistics dashboard",
    "image_info": {
      "url": "https://www.gooddata.com/img/blog/_2000xauto/patient-outcomes-1-.png.webp",
      "img_format": "WEBP",
      "mode": "RGB",
      "file_size": 56072,
      "width": 1702,
      "height": 868,
      "total_pixels": 1477336,
      "basic_score": 0.8764231363844122,
      "file_name": "medical-analytics-dashboard-healthcare-statistics-kpis.jpg"
    },
    "llm_score": {
      "success": true,
      "relevance_score": 100.0,
      "clarity_score": 100.0,
      "watermark_score": 100.0,
      "overall_score": 98.0,
      "explanation": "The image is a perfect match for the search query and prompt, clearly depicting a detailed medical analytics dashboard with various healthcare statistics and KPIs. It is exceptionally clear, with all text and graphs easily readable, and contains no watermarks or distracting elements. The overall composition and presentation are professional and high-quality.",
      "file_name": "medical-analytics-dashboard-healthcare-statistics-kpis.jpg",
      "caption": "A clear, detailed screenshot of a modern healthcare analytics dashboard, showcasing key performance indicators (KPIs) such as Average Length of Stay, Readmission Rate, Patient Satisfaction Score, and Mortality Rate. The dashboard also features an Admission and Readmission Overview with graphs detailing total patient admissions, average stay in days, readmissions by expected payer (self-payer, Medicare, Private, Medicaid), and a breakdown of the causes of readmission (e.g., Infections, Non-compliance, No Follow-up). This visual data presentation is ideal for monitoring patient outcomes and operational efficiency in a healthcare setting.",
      "recommend": true,
      "error": ""
    }
  },
  {
    "query": "Healthcare analytics and medical statistics dashboard",
    "image_info": {
      "url": "https://www.gooddata.com/img/blog/_2000xauto/hospital-operations-1-.png.webp",
      "img_format": "WEBP",
      "mode": "RGB",
      "file_size": 49950,
      "width": 1702,
      "height": 822,
      "total_pixels": 1399044,
      "basic_score": 0.8795908259964051,
      "file_name": "healthcare_analytics_dashboard_hospital_operations_statistics.jpg"
    },
    "llm_score": {
      "success": true,
      "relevance_score": 98.0,
      "clarity_score": 95.0,
      "watermark_score": 100.0,
      "overall_score": 95.0,
      "explanation": "The image is an excellent match for the search query and prompt, clearly displaying a comprehensive healthcare analytics dashboard focused on hospital operations and patient statistics. The clarity is superb, with all text and graphs highly legible. There are no watermarks, and the overall composition and professional design are outstanding.",
      "file_name": "healthcare_analytics_dashboard_hospital_operations_statistics.jpg",
      "caption": "A detailed digital dashboard showcasing hospital operations analytics and healthcare statistics. Key performance indicators (KPIs) include average length of stay (5.5 days), bed occupancy rate (85%), average patient discharge time (2 hours), surgery cancellations rate (17%), number of open positions (25), and number of doctors (125). Below, graphs illustrate patient turnover, length of stay in hospital trends, a comparison of outpatients versus inpatients over time, and patient distribution by specialization (Pediatrician, Orthopedics, Ophthalmology, Neurologist, Dermatologist, Cardiologist). The dashboard features a clean, modern design with a purple sidebar menu.",
      "recommend": true,
      "error": ""
    }
  },
  {
    "query": "Healthcare analytics and medical statistics dashboard",
    "image_info": {
      "url": "https://i.ytimg.com/vi/-GbwSuyzyiU/maxresdefault.jpg",
      "img_format": "JPEG",
      "mode": "RGB",
      "file_size": 163149,
      "width": 1280,
      "height": 720,
      "total_pixels": 921600,
      "basic_score": 0.936005616326563,
      "file_name": "daily_medical_status_hospital_analytics_dashboard.jpg"
    },
    "llm_score": {
      "success": true,
      "relevance_score": 98.0,
      "clarity_score": 95.0,
      "watermark_score": 100.0,
      "overall_score": 95.0,
      "explanation": "The image is a clear and comprehensive medical analytics dashboard, perfectly matching the search query and prompt. It displays a wide range of healthcare statistics in a well-organized and visually appealing manner, with excellent clarity and no watermarks. The dashboard design is professional and modern.",
      "file_name": "daily_medical_status_hospital_analytics_dashboard.jpg",
      "caption": "A detailed screenshot of a modern 'Daily Medical Status Dashboard' for 'Other Level's Hospital'. The dashboard features various healthcare analytics including total visited patients, available doctors and registrars, patient age distribution, gender breakdown, busiest registrars, patient types (outpatient, emergency, inpatient, day surgery), hospital visits statistics presented as a line graph, and medical services categories (Obstetrics, Orthopedics, Radiology, etc.). It also includes monthly patient visit data in a bar chart, all presented with a clean, dark-themed user interface.",
      "recommend": true,
      "error": ""
    }
  },
  {
    "query": "Healthcare analytics and medical statistics dashboard",
    "image_info": {
      "url": "https://cdn.boldbi.com/wp/pages/dashboards/healthcare/patient-experience-analysis-thumbnail-v1.webp",
      "img_format": "WEBP",
      "mode": "RGBA",
      "file_size": 37104,
      "width": 1110,
      "height": 564,
      "total_pixels": 626040,
      "basic_score": 0.88032191192175,
      "file_name": "patient_experience_healthcare_analytics_dashboard_statistics.jpg"
    },
    "llm_score": {
      "success": true,
      "relevance_score": 100.0,
      "clarity_score": 100.0,
      "watermark_score": 100.0,
      "overall_score": 98.0,
      "explanation": "The image is an excellent match for the search query and prompt, clearly displaying a patient experience analysis dashboard with various medical analytics and healthcare statistics. It boasts perfect clarity, allowing all text and data points to be easily read, and is completely free of watermarks. The overall composition is professional and well-organized, making it a high-quality visual representation of complex data.",
      "file_name": "patient_experience_healthcare_analytics_dashboard_statistics.jpg",
      "caption": "A comprehensive digital dashboard titled 'Patient Experience Analysis Dashboard' displaying a wide array of healthcare statistics. Key sections include average waiting times (e.g., 29 mins for 'To Get a Bed', 47 mins for 'To See A Doctor'), patient distribution by department for both inpatient and outpatient categories, patient feedback by type, and a breakdown of overall patient satisfaction (Positive, Neutral, Negative). Detailed bar charts illustrate patient agreement on 'Doctor Explained the Treatment Well' and 'I Had Confidence in the Treating Physician'. Additionally, a table presents the 'Average Visit Length by Department' for various medical specialties across different days of the week.",
      "recommend": true,
      "error": ""
    }
  },
  {
    "query": "Healthcare analytics and medical statistics dashboard",
    "image_info": {
      "url": "https://cdn-lipbd.nitrocdn.com/NmtxoNywbwrhgCusRjwzXqAEjXRnHzOa/assets/images/optimized/rev-154972c/www.osplabs.com/wp-content/uploads/2022/10/Performance-Management-Dashboard-1-1024x576.jpg",
      "img_format": "JPEG",
      "mode": "RGB",
      "file_size": 62487,
      "width": 1024,
      "height": 576,
      "total_pixels": 589824,
      "basic_score": 0.8750585870731503,
      "file_name": "healthcare_medical_analytics_statistics_dashboard.jpg"
    },
    "llm_score": {
      "success": true,
      "relevance_score": 100.0,
      "clarity_score": 95.0,
      "watermark_score": 100.0,
      "overall_score": 98.0,
      "explanation": "The image is an excellent match for the search query and prompt, showcasing a detailed and comprehensive healthcare analytics and medical statistics dashboard. It exhibits very high clarity, allowing all data points, text, and visual elements to be easily readable. There are no watermarks or distracting elements, making it a professional and high-quality representation.",
      "file_name": "healthcare_medical_analytics_statistics_dashboard.jpg",
      "caption": "A comprehensive digital dashboard presenting various healthcare analytics and medical statistics. Key performance indicators (KPIs) such as 'Total Patient,' 'New Patient,' 'Doctor Per Patient,' 'Number of Beds,' and 'Operational Cost' are prominently displayed. The dashboard includes multiple charts and graphs like 'Overall Monthly Performance' (bar chart), 'Patient Satisfaction' (pie chart), 'Forecasted Turnover EOM,' 'YTD vs. Goal' (bar chart), '12 Month Trend' (line graph), and 'Average Result Area Scores' for categories like Clinical Team Responsibilities, EMT/Paramedic Job Responsibilities, Job Responsibilities For Nurses, Medical Office Receptionist Job Responsibilities, and Patient Privacy. The interface features a 'Make An Appointment' button, a user profile for 'Dr. Maria Luise,' and a sidebar navigation with icons, all rendered in a clean, modern design with a clear color palette.",
      "recommend": true,
      "error": ""
    }
  },
  {
    "query": "Doctor consulting with patient for patient management features",
    "image_info": {
      "url": "https://www.lifecareprimarymedical.com/wp-content/uploads/2020/01/Primary-healthcare-1.jpg",
      "img_format": "JPEG",
      "mode": "RGB",
      "file_size": 45448,
      "width": 700,
      "height": 550,
      "total_pixels": 385000,
      "basic_score": 0.8155819948706907,
      "file_name": "doctor_patient_consultation_healthcare_management.jpg"
    },
    "llm_score": {
      "success": true,
      "relevance_score": 95.0,
      "clarity_score": 90.0,
      "watermark_score": 100.0,
      "overall_score": 92.0,
      "explanation": "The image perfectly matches the search query and prompt by depicting a male doctor consulting with a male patient in a clean, professional healthcare setting. The clarity is excellent, and there are no visible watermarks. The composition is well-balanced, and the expressions convey a professional and empathetic interaction, making it highly suitable for illustrating patient management features.",
      "file_name": "doctor_patient_consultation_healthcare_management.jpg",
      "caption": "A smiling male doctor in a white lab coat with a stethoscope consults with a male patient, who appears to be listening intently or discussing a concern, in a bright, modern clinic or office setting. The doctor is writing on a clipboard, signifying a medical consultation or patient management process.",
      "recommend": true,
      "error": ""
    }
  },
  {
    "query": "Doctor consulting with patient for patient management features",
    "image_info": {
      "url": "https://images.stockcake.com/public/b/2/7/b2702419-5e1b-469c-b981-8d635284d6a8_large/doctor-consulting-patient-stockcake.jpg",
      "img_format": "JPEG",
      "mode": "RGB",
      "file_size": 32296,
      "width": 408,
      "height": 728,
      "total_pixels": 297024,
      "basic_score": 0.7860529286509992,
      "file_name": "doctor_patient_consultation_healthcare_management_features.jpg"
    },
    "llm_score": {
      "success": true,
      "relevance_score": 98.0,
      "clarity_score": 95.0,
      "watermark_score": 100.0,
      "overall_score": 95.0,
      "explanation": "The image is highly relevant, perfectly depicting a doctor consulting with a patient in a healthcare setting, which aligns with both the search query and the prompt. The clarity is excellent, and there are no watermarks. The composition is professional and natural, conveying a clear narrative.",
      "file_name": "doctor_patient_consultation_healthcare_management_features.jpg",
      "caption": "A male doctor, wearing a white lab coat and stethoscope, sits across a desk from a female patient, engaging in a consultation in a modern, well-lit medical office. The doctor is holding a pen, actively listening and discussing, while the patient is attentively engaged in the conversation. This image effectively represents a healthcare consultation and patient management scenario.",
      "recommend": true,
      "error": ""
    }
  },
  {
    "query": "Doctor consulting with patient for patient management features",
    "image_info": {
      "url": "https://images.stockcake.com/public/1/9/2/192f1f24-a1a2-474e-a104-03aa9be210f3_large/doctor-consulting-patient-stockcake.jpg",
      "img_format": "JPEG",
      "mode": "RGB",
      "file_size": 37705,
      "width": 408,
      "height": 728,
      "total_pixels": 297024,
      "basic_score": 0.7868261987741436,
      "file_name": "doctor-patient-consultation-healthcare-management-discussion.jpg"
    },
    "llm_score": {
      "success": true,
      "relevance_score": 100.0,
      "clarity_score": 95.0,
      "watermark_score": 100.0,
      "overall_score": 95.0,
      "explanation": "The image perfectly depicts a doctor-patient consultation, directly aligning with both the search query and prompt. It features excellent clarity, professional composition, and natural lighting, with no watermarks. The slightly blurred foreground of the patient subtly focuses attention on the communicating doctor.",
      "file_name": "doctor-patient-consultation-healthcare-management-discussion.jpg",
      "caption": "A professional female doctor, dressed in a white lab coat with a stethoscope, engages in a focused and attentive consultation with a male patient, whose back is visible in the foreground, indicating an active conversation. The scene, set in what appears to be a modern medical office, highlights clear communication and patient-centered care.",
      "recommend": true,
      "error": ""
    }
  },
  {
    "query": "Doctor consulting with patient for patient management features",
    "image_info": {
      "url": "https://storage.googleapis.com/treatspace-prod-media/pracimg/u-2708/epic1.jpeg",
      "img_format": "JPEG",
      "mode": "RGB",
      "file_size": 73806,
      "width": 1088,
      "height": 726,
      "total_pixels": 789888,
      "basic_score": 0.9150471855875992,
      "file_name": "female_doctor_consulting_smiling_patient_healthcare_management.jpg"
    },
    "llm_score": {
      "success": true,
      "relevance_score": 100.0,
      "clarity_score": 95.0,
      "watermark_score": 100.0,
      "overall_score": 95.0,
      "explanation": "The image is perfectly relevant to the search query and prompt, clearly depicting a doctor consulting with a patient in a healthcare setting. The clarity is excellent, there are no watermarks, and the overall composition and professional quality are very high, showing a positive interaction.",
      "file_name": "female_doctor_consulting_smiling_patient_healthcare_management.jpg",
      "caption": "A friendly female doctor, wearing a white lab coat and glasses, holds a clipboard and points with a pen while consulting with a smiling female patient. The patient, dressed in a light blue top and jeans, is seated on an examination table in a bright, modern clinic or hospital room. The image conveys a positive and informative healthcare consultation, ideal for illustrating patient management features.",
      "recommend": true,
      "error": ""
    }
  },
  {
    "query": "Doctor consulting with patient for patient management features",
    "image_info": {
      "url": "https://drkumo.com/wp-content/uploads/2023/05/doctor-provides-consultation-and-patient-education.webp",
      "img_format": "WEBP",
      "mode": "RGB",
      "file_size": 46402,
      "width": 1280,
      "height": 720,
      "total_pixels": 921600,
      "basic_score": 0.9344432643623498,
      "file_name": "healthcare_doctor_patient_consultation_management.jpg"
    },
    "llm_score": {
      "success": true,
      "relevance_score": 95.0,
      "clarity_score": 98.0,
      "watermark_score": 100.0,
      "overall_score": 95.0,
      "explanation": "The image is highly relevant, depicting a clear doctor-patient consultation in a modern healthcare setting, which perfectly aligns with the search query. The prompt 'Doctor consulting with patient for patient management features' is well-supported by the scene, with the doctor holding a tablet/clipboard, implying a discussion that could involve patient management tools. The image quality is excellent, with sharp focus, good lighting, and no watermarks.",
      "file_name": "healthcare_doctor_patient_consultation_management.jpg",
      "caption": "A smiling African American female doctor in a white lab coat engages in a consultation with a female patient at an office desk. The doctor holds a tablet or clipboard, indicative of modern patient record management, while the patient listens attentively. The setting is a bright, professional clinic or office, emphasizing a healthcare consultation.",
      "recommend": true,
      "error": ""
    }
  },
  {
    "query": "Medical laboratory and testing equipment for lab management",
    "image_info": {
      "url": "https://en.seamaty.com/Uploads/2023-07-04/64a3b1f9108d2.jpg",
      "img_format": "JPEG",
      "mode": "RGB",
      "file_size": 124337,
      "width": 1500,
      "height": 1000,
      "total_pixels": 1500000,
      "basic_score": 0.8796413224469454,
      "file_name": "medical_laboratory_testing_equipment_lab_management.jpg"
    },
    "llm_score": {
      "success": true,
      "relevance_score": 95.0,
      "clarity_score": 90.0,
      "watermark_score": 100.0,
      "overall_score": 90.0,
      "explanation": "The image perfectly matches the search query and prompt, showcasing modern medical laboratory testing equipment with a clear interface suggesting lab management. The image is well-lit, sharp, and free of watermarks.",
      "file_name": "medical_laboratory_testing_equipment_lab_management.jpg",
      "caption": "A gloved hand, belonging to a laboratory technician in a white lab coat, inserts a sample into a modern, white and grey 'SD-II' medical laboratory analyzer. The device features a prominent touchscreen display showing a digital interface with options like 'Library', 'Test List', 'Report', and 'Settings', indicating its role in lab management and testing workflows. The setting appears to be a clean laboratory environment.",
      "recommend": true,
      "error": ""
    }
  },
  {
    "query": "Medical laboratory and testing equipment for lab management",
    "image_info": {
      "url": "https://www.blockscientific.com/web/image/286991/blood-test-tubes-in-centrifuge-plasma-preparation-2021-08-26-16-57-05-utc%20copy.jpg?access_token=cac42774-201c-4eed-85e9-310588c903ec",
      "img_format": "JPEG",
      "mode": "RGB",
      "file_size": 148649,
      "width": 1024,
      "height": 687,
      "total_pixels": 703488,
      "basic_score": 0.9089388973495558,
      "file_name": "medical_laboratory_blood_test_tubes_equipment_management.jpg"
    },
    "llm_score": {
      "success": true,
      "relevance_score": 95.0,
      "clarity_score": 98.0,
      "watermark_score": 100.0,
      "overall_score": 97.0,
      "explanation": "The image is highly relevant to both the search query and the prompt, clearly depicting medical laboratory test tubes filled with blood samples within specialized equipment (likely a centrifuge or processing rack). The colorful caps and visible barcodes further emphasize 'lab management'. The image is exceptionally clear, well-composed, and free of watermarks.",
      "file_name": "medical_laboratory_blood_test_tubes_equipment_management.jpg",
      "caption": "A close-up, high-angle view of multiple blood sample test tubes, each with a different colored cap (orange, purple, blue, green) and barcode labels, arranged in a metallic medical laboratory centrifuge or processing rack. The image highlights laboratory testing equipment and efficient sample management.",
      "recommend": true,
      "error": ""
    }
  },
  {
    "query": "Medical laboratory and testing equipment for lab management",
    "image_info": {
      "url": "https://en.seamaty.com/Uploads/2021-04-25/608517fe15774.jpg",
      "img_format": "JPEG",
      "mode": "RGB",
      "file_size": 77068,
      "width": 702,
      "height": 390,
      "total_pixels": 273780,
      "basic_score": 0.7818983144907903,
      "file_name": "medical-laboratory-technician-testing-equipment-lab.jpg"
    },
    "llm_score": {
      "success": true,
      "relevance_score": 98.0,
      "clarity_score": 95.0,
      "watermark_score": 100.0,
      "overall_score": 95.0,
      "explanation": "The image is highly relevant to both the search query and prompt, clearly depicting a professional operating medical laboratory testing equipment. It exhibits excellent clarity, sharp focus, and appropriate lighting. There are no watermarks, making it suitable for various uses. The composition is professional and effectively communicates the subject matter.",
      "file_name": "medical-laboratory-technician-testing-equipment-lab.jpg",
      "caption": "A medical laboratory technician, wearing a white lab coat and sterile gloves, meticulously operates a piece of advanced testing equipment in a modern and clean laboratory environment. Various scientific tools, including test tubes and sample racks, are visible on the workbench, emphasizing the precision and detail involved in medical laboratory tests and lab management.",
      "recommend": true,
      "error": ""
    }
  },
  {
    "query": "Medical laboratory and testing equipment for lab management",
    "image_info": {
      "url": "https://www.brookingshealth.org/sites/default/files/2022-04/chemistry-analyzer.jpg",
      "img_format": "JPEG",
      "mode": "RGB",
      "file_size": 37177,
      "width": 800,
      "height": 450,
      "total_pixels": 360000,
      "basic_score": 0.8062874482198431,
      "file_name": "medical_laboratory_technician_operating_testing_equipment.jpg"
    },
    "llm_score": {
      "success": true,
      "relevance_score": 95.0,
      "clarity_score": 90.0,
      "watermark_score": 100.0,
      "overall_score": 90.0,
      "explanation": "The image is highly relevant, depicting a medical laboratory technician operating advanced testing equipment in a lab setting, perfectly aligning with 'medical laboratory tests' and 'laboratory equipment' for 'lab management'. The image is clear, well-lit, and free of watermarks, making it an excellent visual resource.",
      "file_name": "medical_laboratory_technician_operating_testing_equipment.jpg",
      "caption": "A female laboratory technician, wearing a white lab coat and gloves, meticulously operates a sophisticated medical testing machine in a clinical laboratory. The large grey and white apparatus, featuring a monitor, keyboard, and multiple processing modules, suggests the performance of diagnostic tests crucial for efficient lab management and analysis.",
      "recommend": true,
      "error": ""
    }
  },
  {
    "query": "Medical laboratory and testing equipment for lab management",
    "image_info": {
      "url": "https://www.primedeq.com/blog/wp-content/uploads/2020/10/Diagnostic-Lab-equipment.jpg",
      "img_format": "JPEG",
      "mode": "RGB",
      "file_size": 116553,
      "width": 1129,
      "height": 798,
      "total_pixels": 900942,
      "basic_score": 0.9293427302690269,
      "file_name": "medical_laboratory_testing_equipment_collage_lab_management.jpg"
    },
    "llm_score": {
      "success": true,
      "relevance_score": 95.0,
      "clarity_score": 65.0,
      "watermark_score": 100.0,
      "overall_score": 70.0,
      "explanation": "The image is highly relevant to the search query and prompt, showcasing a wide variety of medical laboratory and testing equipment suitable for lab management. It is free of watermarks. However, the clarity and photographic quality of the individual images within the collage are inconsistent and some appear blurry or underexposed, preventing a higher overall score.",
      "file_name": "medical_laboratory_testing_equipment_collage_lab_management.jpg",
      "caption": "A comprehensive collage displaying a diverse range of essential medical laboratory and testing equipment. The image features various instruments, including hematology analyzers (e.g., Sysmex, Mindray), chemistry analyzers, optical microscopes, centrifuges, incubators (e.g., Apollo Incubator), and other specialized diagnostic machines, all crucial for efficient lab management and performing medical tests.",
      "recommend": true,
      "error": ""
    }
  },
  {
    "query": "Medical diagnosis equipment like X-ray machines for radiology features",
    "image_info": {
      "url": "https://images.philips.com/is/image/philipsconsumer/8801433f55664de7a17bb11400ea0b8a?extend=0,-280,0,-575&wid=1500&hei=844&fit=stretch,1&$jpglarge$",
      "img_format": "JPEG",
      "mode": "RGB",
      "file_size": 76841,
      "width": 1500,
      "height": 844,
      "total_pixels": 1266000,
      "basic_score": 0.9161575066858118,
      "file_name": "medical-xray-radiology-equipment-diagnosis-doctor-patient.jpg"
    },
    "llm_score": {
      "success": true,
      "relevance_score": 100.0,
      "clarity_score": 95.0,
      "watermark_score": 100.0,
      "overall_score": 95.0,
      "explanation": "The image is perfectly relevant, clearly depicting a modern X-ray machine in operation for medical diagnosis within a radiology setting, with a professional and a patient. It is exceptionally clear, sharp, and free of watermarks. The composition and lighting are professional, resulting in a high-quality visual.",
      "file_name": "medical-xray-radiology-equipment-diagnosis-doctor-patient.jpg",
      "caption": "A male medical professional, dressed in blue scrubs, skillfully operates a state-of-the-art Philips X-ray machine with a prominent digital display. The advanced imaging equipment is positioned over a patient lying calmly on a medical table, ready for a diagnostic scan in a sterile, well-lit radiology room. The image emphasizes the precision and technological advancement in modern medical imaging.",
      "recommend": true,
      "error": ""
    }
  },
  {
    "query": "Medical diagnosis equipment like X-ray machines for radiology features",
    "image_info": {
      "url": "https://www.wemedmedical.com/uploads/202134821/interventional-radiology-system16583746176.jpg",
      "img_format": "JPEG",
      "mode": "RGB",
      "file_size": 32822,
      "width": 750,
      "height": 750,
      "total_pixels": 562500,
      "basic_score": 0.8645284459090646,
      "file_name": "modern_c_arm_xray_radiology_equipment_wemed.jpg"
    },
    "llm_score": {
      "success": true,
      "relevance_score": 100.0,
      "clarity_score": 95.0,
      "watermark_score": 75.0,
      "overall_score": 90.0,
      "explanation": "The image is highly relevant, perfectly matching the search query and prompt for 'medical diagnosis X-ray radiology equipment'. It features a modern C-arm X-ray system with an examination table and display. The clarity is excellent, showing sharp details of the equipment. There is a 'WeMed' logo visible on the base of the table, which slightly reduces the watermark score, but it's not overly distracting. The overall composition and professional presentation are very good.",
      "file_name": "modern_c_arm_xray_radiology_equipment_wemed.jpg",
      "caption": "A modern white C-arm X-ray imaging system, commonly used in medical diagnosis and radiology, featuring an articulated arm, an examination table with 'WeMed' branding, and a display monitor showing medical scan images, all presented against a clean white background.",
      "recommend": true,
      "error": ""
    }
  },
  {
    "query": "Medical diagnosis equipment like X-ray machines for radiology features",
    "image_info": {
      "url": "https://summitindustries.net/wp-content/uploads/2023/05/Summit-Industries-X-ray-Machines-Available.jpg",
      "img_format": "JPEG",
      "mode": "RGB",
      "file_size": 90857,
      "width": 1114,
      "height": 806,
      "total_pixels": 897884,
      "basic_score": 0.9275950393040899,
      "file_name": "amrad_medical_xray_radiology_system.jpg"
    },
    "llm_score": {
      "success": true,
      "relevance_score": 100.0,
      "clarity_score": 95.0,
      "watermark_score": 100.0,
      "overall_score": 95.0,
      "explanation": "The image is perfectly relevant to the search query, clearly depicting medical diagnosis X-ray radiology equipment. It boasts excellent clarity, sharpness, and a professional, clean presentation against a white background, making it ideal for product showcasing.",
      "file_name": "amrad_medical_xray_radiology_system.jpg",
      "caption": "A professional studio shot of an AMRAD Medical X-ray radiology system, featuring a patient examination table with the AMRAD Medical logo, an adjustable X-ray tube column mounted on a vertical stand, and a separate wall-mounted detector stand. The equipment is presented on a clean white background, highlighting its design for medical diagnosis and imaging procedures.",
      "recommend": true,
      "error": ""
    }
  },
  {
    "query": "Medical diagnosis equipment like X-ray machines for radiology features",
    "image_info": {
      "url": "https://my.clevelandclinic.org/-/scassets/images/org/health/articles/21818-x-ray",
      "img_format": "JPEG",
      "mode": "RGB",
      "file_size": 51320,
      "width": 800,
      "height": 981,
      "total_pixels": 784800,
      "basic_score": 0.895501136739911,
      "file_name": "xray_machine_radiology_diagnosis_explanation.jpg"
    },
    "llm_score": {
      "success": true,
      "relevance_score": 95.0,
      "clarity_score": 90.0,
      "watermark_score": 60.0,
      "overall_score": 85.0,
      "explanation": "The image is highly relevant to the search query and prompt, clearly illustrating both an X-ray machine as medical diagnosis equipment and an X-ray image with labels explaining what it can reveal. The clarity is excellent, with legible text and sharp graphics. However, there is a visible 'Cleveland Clinic' logo and copyright in the bottom right corner, which reduces the watermark score.",
      "file_name": "xray_machine_radiology_diagnosis_explanation.jpg",
      "caption": "An educational infographic illustrating the X-ray process and diagnostic capabilities. The top section shows a patient undergoing an X-ray with an X-ray machine, highlighting the 'invisible beam that takes picture.' The bottom section displays a chest X-ray image, labeled to demonstrate what X-rays can show, including joints (shoulder), bones (rib), and soft tissue (heart), useful for medical diagnosis and radiology.",
      "recommend": true,
      "error": ""
    }
  },
  {
    "query": "Medical diagnosis equipment like X-ray machines for radiology features",
    "image_info": {
      "url": "https://upload.wikimedia.org/wikipedia/commons/thumb/d/db/Projectional_radiography_components.jpg/1200px-Projectional_radiography_components.jpg",
      "img_format": "JPEG",
      "mode": "RGB",
      "file_size": 95937,
      "width": 1200,
      "height": 875,
      "total_pixels": 1050000,
      "basic_score": 0.9333005211778709,
      "file_name": "projection-radiography-xray-equipment-medical-diagnosis-diagram.jpg"
    },
    "llm_score": {
      "success": true,
      "relevance_score": 100.0,
      "clarity_score": 95.0,
      "watermark_score": 100.0,
      "overall_score": 98.0,
      "explanation": "The image is perfectly relevant to the search query and prompt, clearly illustrating medical X-ray equipment and the radiography process for diagnosis. It is a high-quality, clear, and well-labeled illustration with no watermarks, making it excellent for educational or informational purposes.",
      "file_name": "projection-radiography-xray-equipment-medical-diagnosis-diagram.jpg",
      "caption": "An illustrative diagram detailing the process of projection radiography for medical diagnosis. The image shows a patient (object) lying on an X-ray table, with an X-ray generator positioned above their arm and an X-ray detector below. A yellow cone visually represents the X-ray beam's path. An arrow points from this setup to a clear radiograph (X-ray image) of a human arm, demonstrating the output of the X-ray process. Key components like the X-ray generator, the patient as the object, the X-ray detector, and the resulting radiograph are clearly labeled to explain the fundamental principles of medical diagnostic X-rays.",
      "recommend": true,
      "error": ""
    }
  },
  {
    "query": "Electronic health records and medical data visualization",
    "image_info": {
      "url": "https://acropolium.com/img/articles/emr-ehr-software-development-implementation-tips-and-cost/img04.jpg",
      "img_format": "JPEG",
      "mode": "RGB",
      "file_size": 71569,
      "width": 980,
      "height": 630,
      "total_pixels": 617400,
      "basic_score": 0.8823851541224621,
      "file_name": "key_features_electronic_health_record_ehr_software_medical_data.jpg"
    },
    "llm_score": {
      "success": true,
      "relevance_score": 98.0,
      "clarity_score": 95.0,
      "watermark_score": 100.0,
      "overall_score": 95.0,
      "explanation": "The image is highly relevant to electronic health records (EHR) as it explicitly details key features of EHR software. The text and illustrations are clear and easy to read, with no watermarks. The professional design and organized presentation contribute to a very high overall quality.",
      "file_name": "key_features_electronic_health_record_ehr_software_medical_data.jpg",
      "caption": "An infographic titled 'Key Features of Electronic Health Record (EHR) Software' displaying a central illustration of a doctor in a lab coat behind a laptop. On the left, features include Patient Portal, Doctor Portal, E-Prescriptions, Document Management, and Data Access Control, each with a corresponding icon. On the right, features include Prescription Management, Clinical Records, Reporting, Billing Dashboards, and Medical System Integration, also with respective icons. The image effectively summarizes core functionalities of modern EHR systems for managing medical data.",
      "recommend": true,
      "error": ""
    }
  },
  {
    "query": "Electronic health records and medical data visualization",
    "image_info": {
      "url": "https://cdn2.hubspot.net/hubfs/175249/iStock-533330322.jpg",
      "img_format": "JPEG",
      "mode": "RGB",
      "file_size": 84873,
      "width": 1254,
      "height": 836,
      "total_pixels": 1048344,
      "basic_score": 0.933070074610459,
      "file_name": "electronic_health_records_ehr_medical_data_visualization_tablet_healthcare.jpg"
    },
    "llm_score": {
      "success": true,
      "relevance_score": 100.0,
      "clarity_score": 95.0,
      "watermark_score": 100.0,
      "overall_score": 95.0,
      "explanation": "The image perfectly matches the search query and prompt by clearly depicting an 'EHR system' on a tablet, complete with various forms of medical data visualization including patient demographics, medical imaging, heart rate graphs, and test results presented with bar graphs. The clarity is excellent, and there are no watermarks. The overall composition and professional quality are very high.",
      "file_name": "electronic_health_records_ehr_medical_data_visualization_tablet_healthcare.jpg",
      "caption": "A tablet computer displaying an electronic health record (EHR) system interface, showcasing a patient's personal health record with comprehensive medical data visualization. The screen features a patient profile, medical imaging (ultrasound), a heart rate monitor (69 bpm), and visualized blood pressure, blood sugar, plasma, and hemoglobin test results using clear bar graphs. A stethoscope, keyboard, and mouse are visible on the white desk, emphasizing a modern healthcare or clinical setting.",
      "recommend": true,
      "error": ""
    }
  },
  {
    "query": "Electronic health records and medical data visualization",
    "image_info": {
      "url": "https://miro.medium.com/v2/resize:fit:1200/1*iXo4O2aqjCSUDwjlYZAL_w.jpeg",
      "img_format": "JPEG",
      "mode": "RGB",
      "file_size": 85724,
      "width": 1200,
      "height": 1200,
      "total_pixels": 1440000,
      "basic_score": 0.8770779741189311,
      "file_name": "electronic_health_record_ehr_system_integration_diagram.jpg"
    },
    "llm_score": {
      "success": true,
      "relevance_score": 95.0,
      "clarity_score": 100.0,
      "watermark_score": 60.0,
      "overall_score": 85.0,
      "explanation": "The image is highly relevant, clearly depicting an Electronic Health Record (EHR) system and its integration with various medical data sources and stakeholders. It is an excellent example of data visualization for a healthcare system. The clarity is perfect as it appears to be a vector graphic. However, the brand name 'Webmedy' is prominently featured in the central 'EHR' component, functioning as an integrated watermark.",
      "file_name": "electronic_health_record_ehr_system_integration_diagram.jpg",
      "caption": "An infographic illustrating an Electronic Health Record (EHR) system, identified as 'Webmedy EHR,' at its core. The diagram visualizes the EHR system's integration with various healthcare components, including Physicians, Labs, Pharmacies, Wearable Devices, Big Data Analysis, Radiology, Hospitals, and a Patient Portal. It also highlights the use of HL7 and FHIR standards for health data exchange, comprehensively depicting the interconnectedness and flow of medical data within a modern healthcare ecosystem.",
      "recommend": true,
      "error": ""
    }
  },
  {
    "query": "Electronic health records and medical data visualization",
    "image_info": {
      "url": "https://upload.wikimedia.org/wikipedia/commons/7/74/Electronic_medical_record.jpg",
      "img_format": "JPEG",
      "mode": "RGB",
      "file_size": 213425,
      "width": 1023,
      "height": 737,
      "total_pixels": 753951,
      "basic_score": 0.922731535544413,
      "file_name": "electronic_health_records_ehr_medical_data_visualization_system.jpg"
    },
    "llm_score": {
      "success": true,
      "relevance_score": 95.0,
      "clarity_score": 85.0,
      "watermark_score": 100.0,
      "overall_score": 85.0,
      "explanation": "The image is a highly relevant screenshot of an Electronic Health Records (EHR) system interface, directly addressing the search query and prompt. It clearly displays various types of medical data, patient information, and includes basic medical data visualization through anatomical diagrams. The clarity is good, making all textual and visual elements easily discernible, and there are no external watermarks. The overall composition is professional for demonstrating EHR functionality.",
      "file_name": "electronic_health_records_ehr_medical_data_visualization_system.jpg",
      "caption": "A detailed screenshot of the 'Handy patients enterprise edition' Electronic Health Records (EHR) system, displaying a comprehensive patient profile for David Anderson, aged 8 months and 10 days. The interface features patient demographics, a list of medical forms and sheets (including neurological, cardiac, respiratory, and abdominal), scheduled meetings, diagnoses, and notes. The main content area focuses on digestive system details, with input fields for digestive inspection, auscultation, and palpation, including a note about 'Little pain on the right lower area.' Below, two medical data visualizations are presented: a human torso with a red lightning bolt indicating pain in the lower right abdomen, and an anatomical diagram of the digestive system with a red question mark pointing towards the appendix/lower colon area, suggesting a specific area of concern. The system also includes navigation for documents and pages, showcasing a full medical data management and visualization interface.",
      "recommend": true,
      "error": ""
    }
  },
  {
    "query": "Electronic health records and medical data visualization",
    "image_info": {
      "url": "https://fbi-reports-file.s3.us-west-2.amazonaws.com/fbi_l/img/featured_images/electronic_health_records_(ehr)_market.webp",
      "img_format": "WEBP",
      "mode": "RGB",
      "file_size": 253624,
      "width": 1160,
      "height": 700,
      "total_pixels": 812000,
      "basic_score": 0.9408133214074338,
      "file_name": "electronic-health-records-ehr-market-infographic-data-visualization.jpg"
    },
    "llm_score": {
      "success": true,
      "relevance_score": 95.0,
      "clarity_score": 80.0,
      "watermark_score": 70.0,
      "overall_score": 85.0,
      "explanation": "The image is highly relevant to both the search query and prompt, directly addressing Electronic Health Records (EHR) and presenting medical data visualization through an infographic. It features market growth, industry trends, and regional analysis. Clarity is good for most elements, though some smaller text might be slightly less sharp. A visible 'Fortune Business Insights' logo is present, affecting the watermark score. The overall composition and professional presentation are excellent, making it a valuable resource.",
      "file_name": "electronic-health-records-ehr-market-infographic-data-visualization.jpg",
      "caption": "An infographic titled 'Electronic Health Records (EHR) Market' presents comprehensive data visualization on the EHR industry. It details market growth projections from $29.68 Billion in 2023 to $46.63 Billion in 2032, a 5.2% CAGR for Containerized Data Centers, and regional market shares for North America in 2022 and 2023. The infographic also highlights industry developments, market segmentation by product (web-based, on-premise), type (standalone, integrated), and end-user (physician offices, hospitals, others), key trends like the integration of AI & ML tools in EHR solutions, and drivers such as the escalating adoption of telehealth solutions. The design features a clean white and blue color scheme with a Fortune Business Insights logo.",
      "recommend": true,
      "error": ""
    }
  },
  {
    "query": "Medical calendar and appointment scheduling interface",
    "image_info": {
      "url": "https://ddi-dev.com/uploads/calendar-admin.png",
      "img_format": "PNG",
      "mode": "P",
      "file_size": 47480,
      "width": 1440,
      "height": 1024,
      "total_pixels": 1474560,
      "basic_score": 0.8660551788262112,
      "file_name": "medical_calendar_appointment_scheduling_software_ui.jpg"
    },
    "llm_score": {
      "success": true,
      "relevance_score": 100.0,
      "clarity_score": 95.0,
      "watermark_score": 100.0,
      "overall_score": 98.0,
      "explanation": "The image is perfectly relevant, depicting a 'Med Helper' calendar interface designed for staff scheduling and appointment management, fitting 'medical calendar scheduling appointment healthcare' and 'Medical calendar and appointment scheduling interface' precisely. The clarity is excellent, with sharp text and UI elements, and there are no watermarks. The overall composition and professional quality are very high, making it an ideal visual for the prompt.",
      "file_name": "medical_calendar_appointment_scheduling_software_ui.jpg",
      "caption": "A clean and modern user interface (UI) of a 'Med Helper' medical calendar and appointment scheduling software. The screen displays a daily schedule grid for multiple staff members, including Sarah Clarke, Neel Galvan, John Garner, and others, with their respective unavailable 'Closed' time slots clearly marked in different colors. The interface features a left sidebar with navigation options like Dashboard, Appointments, Patients, Doctors, Calendar, Billing, and Reports, indicating a comprehensive healthcare management system. A header shows the current date (1 Sep, 2020), options to switch between Month, Week, and Day views, a search bar, and an 'Add New' button for appointments.",
      "recommend": true,
      "error": ""
    }
  },
  {
    "query": "Medical calendar and appointment scheduling interface",
    "image_info": {
      "url": "https://www.nowmd.com/wp-content/uploads/appointments.jpg",
      "img_format": "JPEG",
      "mode": "RGB",
      "file_size": 185636,
      "width": 1366,
      "height": 768,
      "total_pixels": 1049088,
      "basic_score": 0.9413568628786099,
      "file_name": "medical_appointment_scheduling_software_calendar_interface.jpg"
    },
    "llm_score": {
      "success": true,
      "relevance_score": 100.0,
      "clarity_score": 95.0,
      "watermark_score": 100.0,
      "overall_score": 95.0,
      "explanation": "The image is a perfect match for the search query and prompt, clearly displaying a medical calendar and appointment scheduling interface. The screenshot is crisp, well-composed, and free of watermarks, making all details easily readable.",
      "file_name": "medical_appointment_scheduling_software_calendar_interface.jpg",
      "caption": "A detailed screenshot of the 'NowMD' medical appointment scheduling software interface, displaying a work week calendar view from April to May 2013 with various patient appointments, lunch breaks, and 'Out of Office' blocks. The left sidebar shows navigation options like 'Appointments,' 'Patients,' and 'Billing,' while the right side features a small monthly calendar and a 'Wait List' for patients.",
      "recommend": true,
      "error": ""
    }
  },
  {
    "query": "Medical calendar and appointment scheduling interface",
    "image_info": {
      "url": "https://software-advice.imgix.net/managed/products/screenshots_old/nuemd-4-x-large.jpg?v=c6c20087c648ed681f1ca25952a8e95a",
      "img_format": "JPEG",
      "mode": "RGB",
      "file_size": 120251,
      "width": 970,
      "height": 728,
      "total_pixels": 706160,
      "basic_score": 0.9064518155794976,
      "file_name": "nued_medical_appointment_scheduling_calendar_interface.jpg"
    },
    "llm_score": {
      "success": true,
      "relevance_score": 100.0,
      "clarity_score": 90.0,
      "watermark_score": 100.0,
      "overall_score": 95.0,
      "explanation": "The image perfectly matches the search query and prompt, clearly displaying a medical calendar and appointment scheduling interface. The clarity is excellent, allowing all details to be read easily. There are no distracting watermarks, only the software branding in the title bar.",
      "file_name": "nued_medical_appointment_scheduling_calendar_interface.jpg",
      "caption": "A detailed screenshot of the NueMD 4.0 software interface, showcasing a medical appointment scheduling calendar for Monday, June 09, 2014. The calendar is organized by time slots and displays appointments for various healthcare providers, including Peter Jones MD, Dr. Stephanie, Dr. Desai, Dr. Shah, Dr. Lue, and Donna, with scheduled patient appointments (e.g., 'Hacker, Neal [Annual]', 'Jones, Amy [Annual]', 'Wilson, Dave [Cough]') and designated vacation times.",
      "recommend": true,
      "error": ""
    }
  },
  {
    "query": "Medical calendar and appointment scheduling interface",
    "image_info": {
      "url": "https://ddi-dev.com/uploads/calendar-doctor.png",
      "img_format": "PNG",
      "mode": "P",
      "file_size": 52986,
      "width": 1440,
      "height": 1024,
      "total_pixels": 1474560,
      "basic_score": 0.8665898127769434,
      "file_name": "medical_calendar_appointment_scheduling_interface.jpg"
    },
    "llm_score": {
      "success": true,
      "relevance_score": 100.0,
      "clarity_score": 95.0,
      "watermark_score": 100.0,
      "overall_score": 95.0,
      "explanation": "The image is an excellent match for the search query and prompt, clearly depicting a medical calendar and appointment scheduling interface labeled 'Med Helper'. The clarity is superb, with all UI elements and text perfectly legible. There are no watermarks, and the overall composition and professional quality of the UI screenshot are very high.",
      "file_name": "medical_calendar_appointment_scheduling_interface.jpg",
      "caption": "A detailed screenshot of the 'Med Helper' application's calendar interface, showcasing a monthly view of scheduled appointments and events for September 2020. The clean, modern user interface features a sidebar navigation with options for Dashboard, Appointments, Reminders, Calendar, Patients, Wallet, and Messages. The main calendar displays various color-coded entries, including 'Doctor's Meeting', 'Web Conference', 'Symposium', and 'Call', often associated with patient names or colleagues. The top bar includes a search function, user settings, and navigation controls to view by Month, Week, or Day, and to add new events, highlighting its functionality for healthcare scheduling and practice management.",
      "recommend": true,
      "error": ""
    }
  },
  {
    "query": "Medical calendar and appointment scheduling interface",
    "image_info": {
      "url": "https://wpamelia.com/wp-content/uploads/2019/10/Calendar-page-1024x746.png",
      "img_format": "PNG",
      "mode": "RGB",
      "file_size": 158286,
      "width": 1024,
      "height": 746,
      "total_pixels": 763904,
      "basic_score": 0.9093723692973009,
      "file_name": "amelia_calendar_appointment_scheduling_interface.jpg"
    },
    "llm_score": {
      "success": true,
      "relevance_score": 88.0,
      "clarity_score": 100.0,
      "watermark_score": 100.0,
      "overall_score": 95.0,
      "explanation": "The image presents a clear, high-resolution screenshot of a calendar and appointment scheduling interface, perfectly matching the 'calendar scheduling appointment' aspect of the query. While the specific appointments shown (e.g., yoga, fitness classes) lean towards wellness rather than traditional medical consultations, the interface design and functionality are highly applicable to a healthcare or medical appointment scheduling context. The image is professional, free of watermarks, and offers excellent clarity.",
      "file_name": "amelia_calendar_appointment_scheduling_interface.jpg",
      "caption": "A detailed, full-screen view of the Amelia calendar interface, displaying a comprehensive monthly schedule for June 2019. The interface features various appointments and events, such as 'Body Attack,' 'Bikram Yoga,' and 'Yoga DIY,' assigned to different individuals across the month. It includes an employee roster with profile pictures, options to toggle between month, week, day, and list views, and a prominent 'New Appointment' button. This professional-grade scheduling software is designed for managing appointments and resources efficiently.",
      "recommend": true,
      "error": ""
    }
  },
  {
    "query": "Professional medical doctor portrait for testimonials section",
    "image_info": {
      "url": "https://static.wixstatic.com/media/7d5b6a_cc1ffe2e38b848eaba6a2d521a4aab13~mv2.jpg/v1/fill/w_980,h_654,al_c,q_85,usm_0.66_1.00_0.01,enc_avif,quality_auto/7d5b6a_cc1ffe2e38b848eaba6a2d521a4aab13~mv2.jpg",
      "img_format": "JPEG",
      "mode": "RGB",
      "file_size": 39407,
      "width": 980,
      "height": 654,
      "total_pixels": 640920,
      "basic_score": 0.8849287373692529,
      "file_name": "professional_male_doctor_portrait_testimonial.jpg"
    },
    "llm_score": {
      "success": true,
      "relevance_score": 100.0,
      "clarity_score": 100.0,
      "watermark_score": 100.0,
      "overall_score": 100.0,
      "explanation": "The image perfectly matches the search query and prompt. It features a professional medical doctor in a well-lit, clear portrait, ideal for a testimonial section. There are no watermarks, and the overall quality, composition, and clarity are excellent.",
      "file_name": "professional_male_doctor_portrait_testimonial.jpg",
      "caption": "A professional waist-up portrait of a smiling male doctor, possibly of East Asian descent, wearing a white lab coat, a blue dress shirt with a patterned tie, and a stethoscope. His hands are clasped in front of him, and he stands against a solid grey background. The doctor's name and affiliation appear to be embroidered on his lab coat.",
      "recommend": true,
      "error": ""
    }
  },
  {
    "query": "Medical inventory and pharmacy supplies for inventory management section",
    "image_info": {
      "url": "https://barcloud.com/wp-content/uploads/2022/09/inventory-control-system-for-medical-supplies-.png",
      "img_format": "PNG",
      "mode": "P",
      "file_size": 136105,
      "width": 705,
      "height": 552,
      "total_pixels": 389160,
      "basic_score": 0.818309272042558,
      "file_name": "female_pharmacist_medical_inventory_pharmacy_supplies_storage.jpg"
    },
    "llm_score": {
      "success": true,
      "relevance_score": 90.0,
      "clarity_score": 85.0,
      "watermark_score": 100.0,
      "overall_score": 90.0,
      "explanation": "The image is highly relevant, featuring a professional in a lab coat in what appears to be a medical or pharmacy inventory storage area. The main subject is very clear and well-lit. The background, though intentionally blurred, effectively conveys the presence of medical and pharmacy supplies. There are no watermarks, and the composition is professional.",
      "file_name": "female_pharmacist_medical_inventory_pharmacy_supplies_storage.jpg",
      "caption": "A confident young woman, likely a pharmacist or medical professional, stands with her arms crossed in a white lab coat. She is positioned in a well-organized medical inventory storage room or pharmacy, with shelves filled with blurred but identifiable pharmacy products and hospital supplies in the background. The image suggests inventory management and professional care in a healthcare setting.",
      "recommend": true,
      "error": ""
    }
  },
  {
    "query": "Medical inventory and pharmacy supplies for inventory management section",
    "image_info": {
      "url": "https://www.bluebin.com/hubfs/DALL%C2%B7E%202024-05-16%2011.42.00%20-%20A%20bustling%20hospital%20inventory%20room%20filled%20with%20various%20medical%20supplies%2C%20including%20boxes%20of%20medications%2C%20surgical%20instruments%2C%20and%20medical%20equipment.%20.webp",
      "img_format": "WEBP",
      "mode": "RGB",
      "file_size": 455740,
      "width": 1024,
      "height": 1024,
      "total_pixels": 1048576,
      "basic_score": 0.9641963667973784,
      "file_name": "medical_pharmacy_inventory_management_hospital_supplies.jpg"
    },
    "llm_score": {
      "success": true,
      "relevance_score": 95.0,
      "clarity_score": 85.0,
      "watermark_score": 100.0,
      "overall_score": 88.0,
      "explanation": "The image is highly relevant to both the search query and prompt, clearly depicting a medical inventory or pharmacy setting with personnel managing supplies and boxes. Clarity is good, but the AI-generated text on labels is unreadable, slightly detracting from realism upon close inspection. No watermarks are present, and the overall composition and professional aesthetic are strong.",
      "file_name": "medical_pharmacy_inventory_management_hospital_supplies.jpg",
      "caption": "An overhead view of a busy medical inventory or pharmacy storage area, featuring several professionals in lab coats actively managing and organizing supplies. The space is filled with shelves stocked with various medical items, boxes, and trolleys, illustrating an efficient system for inventory management and distribution of hospital or pharmaceutical supplies.",
      "recommend": true,
      "error": ""
    }
  },
  {
    "query": "Medical inventory and pharmacy supplies for inventory management section",
    "image_info": {
      "url": "https://www.docvilla.com/wp-content/uploads/2024/08/inventory-tracking-software-healthcare-915x458.jpg?x74159",
      "img_format": "JPEG",
      "mode": "RGB",
      "file_size": 72369,
      "width": 915,
      "height": 458,
      "total_pixels": 419070,
      "basic_score": 0.8172234415451196,
      "file_name": "pharmacy_medical_inventory_shelves_supplies.jpg"
    },
    "llm_score": {
      "success": true,
      "relevance_score": 95.0,
      "clarity_score": 85.0,
      "watermark_score": 100.0,
      "overall_score": 90.0,
      "explanation": "The image is highly relevant, clearly depicting stocked shelves of what appear to be pharmacy or medical supplies, aligning perfectly with the 'medical inventory' and 'pharmacy hospital supplies' aspects of the query, as well as the 'inventory management' context. The clarity is good for the primary subject (the shelves with products), and the composition is professional with no watermarks.",
      "file_name": "pharmacy_medical_inventory_shelves_supplies.jpg",
      "caption": "A well-organized view of shelves in a pharmacy or medical supply room, fully stocked with various boxed products, predominantly in blue and white packaging. The image emphasizes the volume and arrangement of inventory, with price tags or labels visible on the shelf edges, ideal for illustrating concepts related to medical inventory management, pharmaceutical supply chains, or hospital stock.",
      "recommend": true,
      "error": ""
    }
  },
  {
    "query": "Professional medical team photo for hero section of healthcare ERP website",
    "image_info": {
      "url": "https://media.istockphoto.com/id/1307543618/photo/team-of-doctors-and-nurses-in-hospital.jpg?s=612x612&w=0&k=20&c=-t6j5lmy_DFWtXb5HdDe0Kj6dXZwsviihuOA2lvXX5Q=",
      "img_format": "JPEG",
      "mode": "RGB",
      "file_size": 36549,
      "width": 612,
      "height": 408,
      "total_pixels": 249696,
      "basic_score": 0.7676917671179778,
      "file_name": "professional_diverse_medical_team_masks_hospital_hero.jpg"
    },
    "llm_score": {
      "success": true,
      "relevance_score": 98.0,
      "clarity_score": 95.0,
      "watermark_score": 100.0,
      "overall_score": 95.0,
      "explanation": "The image is highly relevant, depicting a professional medical team with a clear focus on the foreground healthcare worker. The composition is excellent for a hero section, with good depth of field and a diverse team. Clarity is superb, and there are no watermarks. The masks worn by all individuals add a contemporary and safety-conscious feel, fitting for a healthcare ERP website.",
      "file_name": "professional_diverse_medical_team_masks_hospital_hero.jpg",
      "caption": "A confident male healthcare professional in blue scrubs and a medical mask stands with his arms crossed, a stethoscope around his neck, looking directly at the camera. Behind him, a diverse team of medical professionals, also wearing masks and medical attire (lab coats and scrubs), stand slightly blurred in a hospital corridor, creating an ideal hero image for a healthcare website.",
      "recommend": true,
      "error": ""
    }
  }
]