{
  "todos": {
    "Coordinator": {
      "1": {
        "id": "1",
        "content": "Investigar la configuración de Supabase y autenticación",
        "details": "1. Revisar configuración actual de Supabase en el código\n2. Verificar si estamos usando Supabase real o modo demo\n3. Identificar errores en la consola del navegador\n4. Revisar variables de entorno y configuración",
        "status": "completed",
        "priority": "high"
      },
      "2": {
        "id": "2",
        "content": "Diagnosticar el problema de autenticación",
        "details": "1. Verificar la lógica de autenticación en SaaSAuthContext\n2. Revisar si hay errores de CORS o configuración\n3. Identificar por qué el login no funciona",
        "status": "completed",
        "priority": "high"
      },
      "3": {
        "id": "3",
        "content": "Aplicar solución definitiva",
        "details": "1. Corregir el problema identificado\n2. Rebuild y redesplegar\n3. Verificar que el login funcione correctamente",
        "status": "completed",
        "priority": "high"
      }
    }
  }
}