{
  "color": {
    "primary": {
      "50": { "value": "#ECFDF5", "type": "color" },
      "100": { "value": "#D1FAE5", "type": "color" },
      "500": { "value": "#10B981", "type": "color" },
      "600": { "value": "#059669", "type": "color" },
      "900": { "value": "#064E3B", "type": "color" }
    },
    "neutral": {
      "50": { "value": "#FAFAFA", "type": "color" },
      "100": { "value": "#F5F5F5", "type": "color" },
      "200": { "value": "#E5E5E5", "type": "color" },
      "500": { "value": "#A3A3A3", "type": "color" },
      "700": { "value": "#404040", "type": "color" },
      "900": { "value": "#171717", "type": "color" }
    },
    "semantic": {
      "success": { "value": "#10B981", "type": "color" },
      "error": { "value": "#EF4444", "type": "color" },
      "warning": { "value": "#F59E0B", "type": "color" },
      "info": { "value": "#3B82F6", "type": "color" }
    },
    "background": {
      "page": { "value": "#FAFAFA", "type": "color" },
      "surface": { "value": "#FFFFFF", "type": "color" }
    },
    "text": {
      "primary": { "value": "#171717", "type": "color" },
      "secondary": { "value": "#404040", "type": "color" },
      "disabled": { "value": "#A3A3A3", "type": "color" },
      "inverse": { "value": "#FFFFFF", "type": "color" }
    }
  },
  "typography": {
    "fontFamily": {
      "primary": { "value": "'Inter', -apple-system, BlinkMacSystemFont, 'Segoe UI', sans-serif", "type": "fontFamily" }
    },
    "fontSize": {
      "hero": { "value": "72px", "type": "fontSize" },
      "title-lg": { "value": "48px", "type": "fontSize" },
      "title-md": { "value": "36px", "type": "fontSize" },
      "body-lg": { "value": "20px", "type": "fontSize" },
      "body": { "value": "16px", "type": "fontSize" },
      "small": { "value": "14px", "type": "fontSize" },
      "caption": { "value": "12px", "type": "fontSize" }
    },
    "fontSizeMobile": {
      "hero": { "value": "40px", "type": "fontSize" },
      "title-lg": { "value": "32px", "type": "fontSize" },
      "title-md": { "value": "24px", "type": "fontSize" },
      "body-lg": { "value": "18px", "type": "fontSize" }
    },
    "fontWeight": {
      "regular": { "value": "400", "type": "fontWeight" },
      "medium": { "value": "500", "type": "fontWeight" },
      "semibold": { "value": "600", "type": "fontWeight" },
      "bold": { "value": "700", "type": "fontWeight" }
    },
    "lineHeight": {
      "tight": { "value": "1.1", "type": "lineHeight" },
      "snug": { "value": "1.3", "type": "lineHeight" },
      "normal": { "value": "1.5", "type": "lineHeight" },
      "relaxed": { "value": "1.6", "type": "lineHeight" }
    },
    "letterSpacing": {
      "tight": { "value": "-0.02em", "type": "letterSpacing" },
      "tighter": { "value": "-0.01em", "type": "letterSpacing" },
      "normal": { "value": "0", "type": "letterSpacing" },
      "wide": { "value": "0.01em", "type": "letterSpacing" }
    }
  },
  "spacing": {
    "2": { "value": "8px", "type": "spacing" },
    "4": { "value": "16px", "type": "spacing" },
    "6": { "value": "24px", "type": "spacing" },
    "8": { "value": "32px", "type": "spacing" },
    "12": { "value": "48px", "type": "spacing" },
    "16": { "value": "64px", "type": "spacing" },
    "24": { "value": "96px", "type": "spacing" },
    "32": { "value": "128px", "type": "spacing" }
  },
  "borderRadius": {
    "sm": { "value": "8px", "type": "borderRadius" },
    "md": { "value": "12px", "type": "borderRadius" },
    "lg": { "value": "16px", "type": "borderRadius" },
    "xl": { "value": "24px", "type": "borderRadius" },
    "full": { "value": "9999px", "type": "borderRadius" }
  },
  "boxShadow": {
    "sm": { "value": "0 1px 3px rgba(0, 0, 0, 0.1), 0 1px 2px rgba(0, 0, 0, 0.06)", "type": "boxShadow" },
    "card-hover": { "value": "0 10px 15px rgba(0, 0, 0, 0.1), 0 4px 6px rgba(0, 0, 0, 0.05)", "type": "boxShadow" },
    "modal": { "value": "0 20px 25px rgba(0, 0, 0, 0.1), 0 10px 10px rgba(0, 0, 0, 0.04)", "type": "boxShadow" }
  },
  "animation": {
    "duration": {
      "fast": { "value": "200ms", "type": "duration" },
      "base": { "value": "250ms", "type": "duration" },
      "slow": { "value": "300ms", "type": "duration" },
      "scroll": { "value": "600ms", "type": "duration" }
    },
    "easing": {
      "out": { "value": "ease-out", "type": "cubicBezier" },
      "in-out": { "value": "ease-in-out", "type": "cubicBezier" }
    }
  },
  "breakpoint": {
    "sm": { "value": "640px", "type": "breakpoint" },
    "md": { "value": "768px", "type": "breakpoint" },
    "lg": { "value": "1024px", "type": "breakpoint" },
    "xl": { "value": "1280px", "type": "breakpoint" },
    "2xl": { "value": "1536px", "type": "breakpoint" }
  },
  "container": {
    "maxWidth": { "value": "1200px", "type": "sizing" },
    "padding": {
      "mobile": { "value": "24px", "type": "spacing" },
      "tablet": { "value": "32px", "type": "spacing" }
    }
  }
}
